participant_id,slide_id,original_order,new_order,slide_name,modification,details
DR_SSH_01,__S1__,1,1,text1,0,
DR_SSH_01,__S2__,2,2,text2,0,
DR_SSH_01,__S3__,3,3,text3,0,
DR_SSH_01,,,4,custom,2,presentation of an averaged mushroom with a description of its features and where they occur on the mushroom
DR_SSH_01,__S12__,12,5,histograms and box plots,0,
DR_SSH_01,__S4__,4,6,bar charts1,0,
DR_SSH_01,__S5__,5,7,bar charts2,0,
DR_SSH_01,__S9__,9,8,LIME,0,
DR_SSH_01,__S7__,7,9,bee swarm,0,
DR_SSH_01,__S8__,8,10,waterfall,0,
DR_SSH_01,__S13__,13,11,anchor1,0,
DR_SSH_01,__S14__,14,12,anchor2,0,
DR_SSH_01,__S11__,11,13,text4,0,
DR_SSH_01,__S10__,10,,counterfactual analysis,1,
DR_SSH_01,__S6__,6,,descriptive statistics,1,
DR_SSH_02,,,1,custom,2,
DR_SSH_02,__S1__,1,2,text1,0,
DR_SSH_02,__S2__,2,3,text2,0,
DR_SSH_02,__S3__,3,4,text3,0,
DR_SSH_02,,,5,custom,2,
DR_SSH_02,,,6,custom,2,
DR_SSH_02,,,7,custom,2,
DR_SSH_02,,,8,custom,2,
DR_SSH_02,,,9,custom,2,
DR_SSH_02,__S9__,9,10,LIME,0,
DR_SSH_02,__S8__,8,11,waterfall,0,
DR_SSH_02,__S10__,10,12,counterfactual analysis,0,
DR_SSH_02,__S11__,11,13,text4,0,
DR_SSH_02,__S12__,12,14,histograms and box plots,0,
DR_SSH_02,__S13__,13,15,anchor1,0,
DR_SSH_02,__S14__,14,16,anchor2,0,
DR_SSH_02,,,17,custom,2,
DR_SSH_02,__S4__,4,,bar charts1,1,
DR_SSH_02,__S5__,5,,bar charts2,1,
DR_SSH_02,__S7__,7,,bee swarm,1,
DR_SSH_02,__S6__,6,,descriptive statistics,1,
DR_SSH_03,__S1__,1,1,text1,0,
DR_SSH_03,__S2__,2,2,text2,0,
DR_SSH_03,__S3__,3,3,text3,0,
DR_SSH_03,__S11__,11,4,text4,0,
DR_SSH_03,__S6__,6,5,descriptive statistics,0,
DR_SSH_03,__S4__,4,6,bar charts1,0,
DR_SSH_03,__S5__,5,7,bar charts2,0,
DR_SSH_03,__S7__,7,8,bee swarm,0,
DR_SSH_03,__S8__,8,9,waterfall,0,
DR_SSH_03,__S9__,9,10,LIME,0,
DR_SSH_03,__S12__,12,11,histograms and box plots,0,
DR_SSH_03,__S10__,10,12,counterfactual analysis,0,
DR_SSH_03,__S13__,13,13,anchor1,0,
DR_SSH_03,__S14__,14,14,anchor2,0,
DR_SSH_04,__S1__,1,1,text1,0,
DR_SSH_04,__S2__,2,2,text2,0,
DR_SSH_04,__S3__,3,3,text3,0,
DR_SSH_04,__S4__,4,4,bar charts1,0,
DR_SSH_04,__S5__,5,5,bar charts2,0,
DR_SSH_04,__S7__,7,6,bee swarm,0,
DR_SSH_04,__S10__,10,7,counterfactual analysis,0,
DR_SSH_04,__S8__,8,8,waterfall,0,
DR_SSH_04,__S9__,9,9,LIME,0,
DR_SSH_04,__S11__,11,10,text4,0,
DR_SSH_04,__S12__,12,11,histograms and box plots,0,
DR_SSH_04,,,12,custom,2,Description of an Anchor method
DR_SSH_04,__S13__,13,13,anchor1,0,
DR_SSH_04,,,14,custom,2,Description on hw changes in the features impact the morel prediction
DR_SSH_04,__S14__,14,15,anchor2,0,
DR_SSH_04,__S6__,6,,descriptive statistics,1,
DR_IT_05,__S1__,1,1,text1,0,
DR_IT_05,__S2__,2,2,text2,0,
DR_IT_05,__S3__,3,3,text3,0,
DR_IT_05,__S4__,4,4,bar charts1,0,
DR_IT_05,__S5__,5,5,bar charts2,0,
DR_IT_05,__S11__,11,6,text4,0,
DR_IT_05,__S12__,12,7,histograms and box plots,0,
DR_IT_05,__S6__,6,8,descriptive statistics,0,
DR_IT_05,__S9__,9,9,LIME,0,
DR_IT_05,__S8__,8,10,waterfall,0,
DR_IT_05,__S7__,7,11,bee swarm,0,
DR_IT_05,,,12,custom,2,List od featrures with annotation which features are more common in which category of mushrooms
DR_IT_05,__S13__,13,13,anchor1,0,
DR_IT_05,__S14__,14,14,anchor2,0,
DR_IT_05,__S10__,10,,counterfactual analysis,1,
DR_SSH_06,__S1__,1,1,text1,0,
DR_SSH_06,__S2__,2,2,text2,0,
DR_SSH_06,__S3__,3,3,text3,0,
DR_SSH_06,__S4__,4,4,bar charts1,0,
DR_SSH_06,__S5__,5,5,bar charts2,0,
DR_SSH_06,__S6__,6,6,descriptive statistics,0,
DR_SSH_06,__S13__,13,7,anchor1,0,
DR_SSH_06,__S14__,14,8,anchor2,0,
DR_SSH_06,__S7__,7,9,bee swarm,0,
DR_SSH_06,__S8__,8,10,waterfall,0,
DR_SSH_06,__S9__,9,11,LIME,0,
DR_SSH_06,__S10__,10,12,counterfactual analysis,0,
DR_SSH_06,__S11__,11,13,text4,0,
DR_SSH_06,__S12__,12,14,histograms and box plots,0,
DR_SSH_07,__S1__,1,1,text1,0,
DR_SSH_07,__S2__,2,2,text2,0,
DR_SSH_07,__S3__,3,3,text3,0,
DR_SSH_07,__S11__,11,4,text4,0,
DR_SSH_07,__S4__,4,5,bar charts1,0,
DR_SSH_07,__S5__,5,6,bar charts2,0,
DR_SSH_07,__S8__,8,7,waterfall,0,
DR_SSH_07,__S7__,7,8,bee swarm,0,
DR_SSH_07,__S9__,9,9,LIME,0,
DR_SSH_07,__S13__,13,10,anchor1,0,
DR_SSH_07,__S14__,14,11,anchor2,0,
DR_SSH_07,__S12__,12,,histograms and box plots,1,
DR_SSH_07,__S6__,6,,descriptive statistics,1,
DR_SSH_07,__S10__,10,,counterfactual analysis,1,
MK_SSH_07,__S1__,1,1,text1,0,
MK_SSH_07,,,2,custom,2,Description on how to interpred different plots
MK_SSH_07,__S7__,7,3,bee swarm,0,
MK_SSH_07,__S9__,9,4,LIME,0,
MK_SSH_07,__S8__,8,5,waterfall,0,
MK_SSH_07,__S13__,13,6,anchor1,0,
MK_SSH_07,__S14__,14,7,anchor2,0,
MK_SSH_07,__S12__,12,8,histograms and box plots,0,
MK_SSH_07,__S11__,11,9,text4,0,
MK_SSH_07,__S4__,4,10,bar charts1,0,
MK_SSH_07,__S5__,5,11,bar charts2,0,
MK_SSH_07,,,12,text2,0,
MK_SSH_07,,,13,text3,0,
MK_SSH_07,__S6__,6,14,descriptive statistics,0,
MK_SSH_07,__S10__,10,15,counterfactual analysis,0,
MK_SSH_07,__S14__,14,16,anchor2,0,
MK_SSH_02,__S1__,1,1,text1,0,
MK_SSH_02,__S2__,2,2,text2,0,
MK_SSH_02,__S3__,3,3,text3,0,
MK_SSH_02,__S4__,4,4,bar charts1,0,
MK_SSH_02,__S5__,5,5,bar charts2,0,
MK_SSH_02,__S12__,12,6,histograms and box plots,0,
MK_SSH_02,__S6__,6,7,descriptive statistics,0,
MK_SSH_02,__S8__,8,8,waterfall,0,
MK_SSH_02,__S9__,9,9,LIME,0,
MK_SSH_02,__S10__,10,10,counterfactual analysis,0,
MK_SSH_02,__S11__,11,11,text4,0,
MK_SSH_02,__S13__,13,12,anchor1,0,
MK_SSH_02,__S14__,14,13,anchor2,0,
MK_SSH_02,__S7__,7,,bee swarm,1,
MK_IT_03,__S1__,1,1,text1,0,
MK_IT_03,__S2__,2,2,text2,0,
MK_IT_03,__S3__,3,3,text3,0,
MK_IT_03,__S4__,4,4,bar charts1,0,
MK_IT_03,__S5__,5,5,bar charts2,0,
MK_IT_03,__S6__,6,6,descriptive statistics,0,
MK_IT_03,__S8__,8,7,waterfall,0,
MK_IT_03,__S9__,9,8,LIME,0,
MK_IT_03,__S7__,7,9,bee swarm,0,
MK_IT_03,__S11__,11,10,text4,0,
MK_IT_03,__S12__,12,11,histograms and box plots,0,
MK_IT_03,__S10__,10,12,counterfactual analysis,0,
MK_IT_03,__S13__,13,13,anchor1,0,
MK_IT_03,__S14__,14,14,anchor2,0,
MK_SSH_04,__S1__,1,1,text1,0,
MK_SSH_04,__S2__,2,2,text2,0,
MK_SSH_04,__S3__,3,3,text3,0,
MK_SSH_04,__S4__,4,4,bar charts1,0,
MK_SSH_04,__S5__,5,5,bar charts2,0,
MK_SSH_04,__S6__,6,6,descriptive statistics,0,
MK_SSH_04,__S7__,7,7,bee swarm,0,
MK_SSH_04,__S10__,10,8,counterfactual analysis,0,
MK_SSH_04,__S11__,11,9,text4,0,
MK_SSH_04,__S12__,12,10,histograms and box plots,0,
MK_SSH_04,__S13__,13,11,anchor1,0,
MK_SSH_04,__S14__,14,12,anchor2,0,
MK_SSH_04,__S8__,8,,waterfall,1,
MK_SSH_04,__S9__,9,,LIME,1,
MK_SSH_05,__S1__,1,1,text1,0,
MK_SSH_05,__S2__,2,2,text2,0,
MK_SSH_05,__S3__,3,3,text3,0,
MK_SSH_05,__S4__,4,4,bar charts1,0,
MK_SSH_05,__S5__,5,5,bar charts2,0,
MK_SSH_05,__S13__,13,6,anchor1,0,
MK_SSH_05,__S14__,14,7,anchor2,0,
MK_SSH_05,__S7__,7,8,bee swarm,0,
MK_SSH_05,__S8__,8,9,waterfall,0,
MK_SSH_05,__S9__,9,10,LIME,0,
MK_SSH_05,__S12__,12,11,histograms and box plots,0,
MK_SSH_05,__S11__,11,,text4,1,
MK_SSH_05,__S10__,10,,counterfactual analysis,1,
MK_SSH_05,__S6__,6,,descriptive statistics,1,
MK_IT_06,__S1__,1,1,text1,0,
MK_IT_06,__S2__,2,2,text2,0,
MK_IT_06,__S3__,3,3,text3,0,
MK_IT_06,__S11__,11,4,text4,0,
MK_IT_06,__S4__,4,5,bar charts1,0,
MK_IT_06,__S5__,5,6,bar charts2,0,
MK_IT_06,__S12__,12,7,histograms and box plots,0,
MK_IT_06,__S7__,7,8,bee swarm,0,
MK_IT_06,__S9__,9,9,LIME,0,
MK_IT_06,__S13__,13,10,anchor1,0,
MK_IT_06,__S14__,14,11,anchor2,0,
MK_IT_06,__S10__,10,12,counterfactual analysis,0,
MK_IT_06,__S6__,6,,descriptive statistics,1,
MK_IT_06,__S8__,8,,waterfall,1,
MW_SSH_01,__S1__,1,1,text1,0,
MW_SSH_01,__S2__,2,2,text2,0,
MW_SSH_01,__S3__,3,3,text3,0,
MW_SSH_01,__S11__,11,4,text4,0,
MW_SSH_01,__S9__,9,5,LIME,0,
MW_SSH_01,__S8__,8,6,waterfall,0,
MW_SSH_01,__S7__,7,7,bee swarm,0,
MW_SSH_01,__S4__,4,8,bar charts1,0,
MW_SSH_01,__S5__,5,9,bar charts2,0,
MW_SSH_01,__S6__,6,10,descriptive statistics,0,
MW_SSH_01,__S12__,12,11,histograms and box plots,0,
MW_SSH_01,__S10__,10,12,counterfactual analysis,0,
MW_SSH_01,__S13__,13,13,anchor1,0,
MW_SSH_01,__S14__,14,14,anchor2,0,
MW_IT_02,,,1,custom,2,Title slide
MW_IT_02,__S1__,1,2,text1,0,
MW_IT_02,__S2__,2,3,text2,0,
MW_IT_02,__S3__,3,4,text3,0,
MW_IT_02,__S11__,11,5,text4,0,
MW_IT_02,__S4__,4,6,bar charts1,0,
MW_IT_02,__S5__,5,7,bar charts2,0,
MW_IT_02,__S12__,12,8,histograms and box plots,0,
MW_IT_02,,,9,descriptive statistics,0,
MW_IT_02,__S10__,10,10,counterfactual analysis,0,
MW_IT_02,,,11,bee swarm,0,
MW_IT_02,__S8__,8,12,waterfall,0,
MW_IT_02,__S9__,9,13,LIME,0,
MW_IT_02,__S13__,13,14,anchor1,0,
MW_IT_02,__S14__,14,15,anchor2,0,
MW_SSH_03,__S1__,1,1,text1,0,
MW_SSH_03,__S2__,2,2,text2,0,
MW_SSH_03,__S3__,3,3,text3,0,
MW_SSH_03,__S11__,11,4,text4,0,
MW_SSH_03,__S4__,4,5,bar charts1,0,
MW_SSH_03,__S5__,5,6,bar charts2,0,
MW_SSH_03,__S6__,6,7,descriptive statistics,0,
MW_SSH_03,__S7__,7,8,bee swarm,0,
MW_SSH_03,__S8__,8,9,waterfall,0,
MW_SSH_03,__S9__,9,10,LIME,0,
MW_SSH_03,__S10__,10,11,counterfactual analysis,0,
MW_SSH_03,__S12__,12,12,histograms and box plots,0,
MW_SSH_03,__S13__,13,13,anchor1,0,
MW_SSH_03,__S14__,14,14,anchor2,0,
MW_SSH_04,__S1__,1,1,text1,0,
MW_SSH_04,__S2__,2,2,text2,0,
MW_SSH_04,__S3__,3,3,text3,0,
MW_SSH_04,__S4__,4,4,bar charts1,0,
MW_SSH_04,__S5__,5,5,bar charts2,0,
MW_SSH_04,__S6__,6,6,descriptive statistics,0,
MW_SSH_04,__S7__,7,7,bee swarm,0,
MW_SSH_04,__S8__,8,8,waterfall,0,
MW_SSH_04,__S9__,9,9,LIME,0,
MW_SSH_04,__S10__,10,10,counterfactual analysis,0,
MW_SSH_04,__S11__,11,11,text4,0,
MW_SSH_04,__S12__,12,12,histograms and box plots,0,
MW_SSH_04,__S13__,13,13,anchor1,0,
MW_SSH_04,__S14__,14,14,anchor2,0,
MW_SSH_05,__S1__,1,1,text1,0,
MW_SSH_05,__S2__,2,2,text2,0,
MW_SSH_05,__S3__,3,3,text3,0,
MW_SSH_05,__S4__,4,4,bar charts1,0,
MW_SSH_05,__S5__,5,5,bar charts2,0,
MW_SSH_05,__S6__,6,6,descriptive statistics,0,
MW_SSH_05,__S7__,7,7,bee swarm,0,
MW_SSH_05,__S8__,8,8,waterfall,0,
MW_SSH_05,__S9__,9,9,LIME,0,
MW_SSH_05,__S10__,10,10,counterfactual analysis,0,
MW_SSH_05,__S11__,11,11,text4,0,
MW_SSH_05,__S12__,12,12,histograms and box plots,0,
MW_SSH_05,__S13__,13,13,anchor1,0,
MW_SSH_05,__S14__,14,14,anchor2,0,
MW_IT_06,__S1__,1,1,text1,0,
MW_IT_06,__S2__,2,2,text2,0,
MW_IT_06,__S3__,3,3,text3,0,
MW_IT_06,__S4__,4,4,bar charts1,0,
MW_IT_06,__S5__,5,5,bar charts2,0,
MW_IT_06,__S6__,6,6,descriptive statistics,0,
MW_IT_06,__S7__,7,7,bee swarm,0,
MW_IT_06,__S8__,8,8,waterfall,0,
MW_IT_06,__S9__,9,9,LIME,0,
MW_IT_06,__S10__,10,10,counterfactual analysis,0,
MW_IT_06,__S11__,11,11,text4,0,
MW_IT_06,__S12__,12,12,histograms and box plots,0,
MW_IT_06,__S13__,13,13,anchor1,0,
MW_IT_06,__S14__,14,14,anchor2,0,
MW_IT_07,__S1__,1,1,text1,0,
MW_IT_07,__S2__,2,2,text2,0,
MW_IT_07,__S3__,3,3,text3,0,
MW_IT_07,__S4__,4,4,bar charts1,0,
MW_IT_07,__S5__,5,5,bar charts2,0,
MW_IT_07,__S6__,6,6,descriptive statistics,0,
MW_IT_07,__S7__,7,7,bee swarm,0,
MW_IT_07,__S8__,8,8,waterfall,0,
MW_IT_07,__S9__,9,9,LIME,0,
MW_IT_07,__S10__,10,10,counterfactual analysis,0,
MW_IT_07,__S11__,11,11,text4,0,
MW_IT_07,__S12__,12,12,histograms and box plots,0,
MW_IT_07,__S13__,13,13,anchor1,0,
MW_IT_07,__S14__,14,14,anchor2,0,
MZ_SSH_02,__S11__,11,1,text4,0,
MZ_SSH_02,__S1__,1,2,text1,0,
MZ_SSH_02,__S3__,3,3,text3,0,
MZ_SSH_02,__S9__,9,4,LIME,0,
MZ_SSH_02,__S8__,8,5,waterfall,0,
MZ_SSH_02,__S4__,4,6,bar charts1,0,
MZ_SSH_02,__S5__,5,7,bar charts2,0,
MZ_SSH_02,__S6__,6,8,descriptive statistics,0,
MZ_SSH_02,__S10__,10,9,counterfactual analysis,0,
MZ_SSH_02,__S13__,13,10,anchor1,0,
MZ_SSH_02,__S14__,14,11,anchor2,0,
MZ_SSH_02,__S2__,2,12,text2,0,
MZ_SSH_02,__S12__,12,,histograms and box plots,1,
MZ_SSH_02,__S7__,7,,bee swarm,1,
MZ_SSH_03,__S1__,1,1,text1,0,
MZ_SSH_03,__S2__,2,2,text2,0,
MZ_SSH_03,__S3__,3,3,text3,0,
MZ_SSH_03,__S11__,11,4,text4,0,
MZ_SSH_03,__S4__,4,5,bar charts1,0,
MZ_SSH_03,__S5__,5,6,bar charts2,0,
MZ_SSH_03,__S6__,6,7,descriptive statistics,0,
MZ_SSH_03,__S12__,12,8,histograms and box plots,0,
MZ_SSH_03,__S7__,7,9,bee swarm,0,
MZ_SSH_03,__S8__,8,10,waterfall,0,
MZ_SSH_03,__S9__,9,11,LIME,0,
MZ_SSH_03,__S13__,13,12,anchor1,0,
MZ_SSH_03,__S14__,14,13,anchor2,0,
MZ_SSH_03,__S10__,10,14,counterfactual analysis,0,
MZ_SSH_04,__S1__,1,1,text1,0,
MZ_SSH_04,__S2__,2,2,text2,0,
MZ_SSH_04,__S3__,3,3,text3,0,
MZ_SSH_04,,,4,custom,2,Examples of eadible and non eadible mushrooms
MZ_SSH_04,__S11__,11,5,text4,0,
MZ_SSH_04,__S13__,13,6,anchor1,0,
MZ_SSH_04,__S14__,14,7,anchor2,0,
MZ_SSH_04,__S8__,8,8,waterfall,0,
MZ_SSH_04,__S7__,7,9,bee swarm,0,
MZ_SSH_04,__S9__,9,10,LIME,0,
MZ_SSH_04,,,11,custom,2,Eadible and non eadible mushrooms table
MZ_SSH_04,,,12,custom,2,Examples of most distrinctive features for both types of mushrooms
MZ_SSH_04,__S10__,10,13,counterfactual analysis,0,
MZ_SSH_04,__S12__,12,,histograms and box plots,1,
MZ_SSH_04,__S4__,4,,bar charts1,1,
MZ_SSH_04,__S5__,5,,bar charts2,1,
MZ_SSH_04,__S6__,6,,descriptive statistics,1,
MZ_IT_05,__S1__,1,1,text1,0,
MZ_IT_05,__S2__,2,2,text2,0,
MZ_IT_05,__S3__,3,3,text3,0,
MZ_IT_05,__S11__,11,4,text4,0,
MZ_IT_05,__S4__,4,5,bar charts1,0,
MZ_IT_05,__S5__,5,6,bar charts2,0,
MZ_IT_05,__S12__,12,7,histograms and box plots,0,
MZ_IT_05,__S6__,6,8,descriptive statistics,0,
MZ_IT_05,__S7__,7,9,bee swarm,0,
MZ_IT_05,__S8__,8,10,waterfall,0,
MZ_IT_05,__S9__,9,11,LIME,0,
MZ_IT_05,__S13__,13,12,anchor1,0,
MZ_IT_05,__S14__,14,13,anchor2,0,
MZ_IT_05,__S10__,10,,counterfactual analysis,1,
MZ_IT_06,__S1__,1,1,text1,0,
MZ_IT_06,__S2__,2,2,text2,0,
MZ_IT_06,__S3__,3,3,text3,0,
MZ_IT_06,__S4__,4,4,bar charts1,0,
MZ_IT_06,__S5__,5,5,bar charts2,0,
MZ_IT_06,__S6__,6,6,descriptive statistics,0,
MZ_IT_06,__S7__,7,7,bee swarm,0,
MZ_IT_06,__S8__,8,8,waterfall,0,
MZ_IT_06,__S9__,9,9,LIME,0,
MZ_IT_06,__S10__,10,10,counterfactual analysis,0,
MZ_IT_06,__S11__,11,11,text4,0,
MZ_IT_06,__S13__,13,12,anchor1,0,
MZ_IT_06,__S14__,14,13,anchor2,0,
MZ_IT_06,__S12__,12,,histograms and box plots,1,
MZ_SSH_07,__S1__,1,1,text1,0,
MZ_SSH_07,__S2__,2,2,text2,0,
MZ_SSH_07,__S3__,3,3,text3,0,
MZ_SSH_07,__S4__,4,4,bar charts1,0,
MZ_SSH_07,__S5__,5,5,bar charts2,0,
MZ_SSH_07,__S6__,6,6,descriptive statistics,0,
MZ_SSH_07,__S8__,8,7,waterfall,0,
MZ_SSH_07,__S9__,9,8,LIME,0,
MZ_SSH_07,__S7__,7,9,bee swarm,0,
MZ_SSH_07,__S11__,11,10,text4,0,
MZ_SSH_07,__S10__,10,11,counterfactual analysis,0,
MZ_SSH_07,__S13__,13,12,anchor1,0,
MZ_SSH_07,__S14__,14,13,anchor2,0,
MZ_SSH_07,__S12__,12,,histograms and box plots,1,
